,total_return_pct,annualized_return,volatility,sharpe_ratio,sortino_ratio,max_drawdown,calmar_ratio,final_value
FirstBar Strategy,0.2774637598984409,0.0008641489136071989,0.0035616196471483087,-5.3727946783184315,-6.227816281749455,-0.006170454148036804,0.1400462417960171,100277.46375989844
QQQ Buy-Hold,113.17474999999999,0.037087658754396235,0.07911735243753751,0.21597864726182286,0.2829583657505507,-0.23080980758092504,0.16068493424566804,213174.75
TQQQ Buy-Hold,356.83290000000005,0.07582319751475186,0.23733585010562347,0.23520760765770707,0.3060215906525558,-0.584370372158437,0.12975195377323878,456832.9
SPY Buy-Hold,78.46263,0.02825760780832698,0.06141399930513082,0.1344580698498347,0.1729099727278534,-0.19523800763254065,0.14473415371821913,178462.63
