,total_return_pct,annualized_return,volatility,sharpe_ratio,sortino_ratio,max_drawdown,calmar_ratio,final_value,strategy_mode
FirstBar Strategy,0.00445498407438572,0.0,0.0,-17.59646128509196,-14.499431800701426,-0.0008791207824105439,0.13610650172343333,100004.45498407439,"Universal (buy, 1.0%)"
QQQ Buy-Hold,112.65778999999998,0.0369521558000423,0.07910994065701953,0.21428603863499562,0.28076868942438815,-0.23080980758092504,0.1600978580040901,212657.78999999998,"Universal (buy, 1.0%)"
TQQQ Buy-Hold,353.49971999999997,0.07541438541978907,0.23731355298599935,0.2335070404641336,0.3038408639554397,-0.584370372158437,0.129052376733676,453499.72,"Universal (buy, 1.0%)"
SPY Buy-Hold,78.13200999999998,0.028154979511927802,0.0614081703152082,0.13279958464921335,0.1707926440759295,-0.19523800763254065,0.14420849635445246,178132.00999999998,"Universal (buy, 1.0%)"
