,total_return_pct,annualized_return,volatility,sharpe_ratio,sortino_ratio,max_drawdown,calmar_ratio,final_value,strategy_mode
FirstBar Strategy,0.00445498407438572,0.0,0.0,-17.59646128509196,-14.499431800701426,-0.0008791207824105439,0.13610650172343333,100004.45498407439,"Universal (buy, 1.0%)"
QQQ Buy-Hold,18.662,0.027827278346856943,0.08796538644056255,0.08898134440807313,0.1126379225211704,-0.23042716117723097,0.12076388132670629,118662.0,"Universal (buy, 1.0%)"
TQQQ Buy-Hold,30.349649999999993,0.04343277232896181,0.26408834626629085,0.08873080792945558,0.11126559445083285,-0.5842663169683318,0.07433728604162533,130349.65,"Universal (buy, 1.0%)"
SPY Buy-Hold,12.81987000000001,0.0195371053222404,0.07223822819094945,-0.006407890798982736,-0.00810270367497813,-0.194514909522397,0.10044014297007316,112819.87000000001,"Universal (buy, 1.0%)"
